name,city,address,province,postal_code,latitude,longitude,is_active,notes
Lacombe Registries Ltd,Lacombe,"5033 52 St Unit 201, Lacombe, AB T4L 1H9, Canada",AB,T4L 1H9,52.464506099999994,-113.733328,TRUE,
Sylvan Lake Registry Services,Sylvan Lake,"150 Pelican Pl, Sylvan Lake, AB T4S 1K2, Canada",AB,T4S 1K2,52.298179,-114.095952,TRUE,
Airdrie Registry,Airdrie,"128 Edmonton Trail NE, Airdrie, AB T4B 1S1, Canada",AB,T4B 1S1,51.292122000000006,-114.0008951,TRUE,
A-Plus Registry Services Ltd,Calgary,"3604 52 Ave NW, Calgary, AB T2L 1V9, Canada",AB,T2L 1V9,51.1016821,-114.1382577,TRUE,
Calgary Registry Services,Calgary,"5149 Country Hills Blvd NW, Calgary, AB T3A 5K8, Canada",AB,T3A 5K8,51.1376649,-114.1575301,TRUE,
Country Hills Plates - Registry Calgary,Calgary,"450 Country Hills Blvd NE #128, Calgary, AB T3K 5A5, Canada",AB,T3K 5A5,51.155318099999995,-114.0593167,TRUE,
Crowfoot Plates Registry Inc,Calgary,"49 Crowfoot Way NW, Calgary, AB T3G 2L4, Canada",AB,T3G 2L4,51.1239468,-114.2016035,TRUE,
McKnight Registry,Calgary,"425 Aviation Rd NE #118, Calgary, AB T2E 7H8, Canada",AB,T2E 7H8,51.096535300000006,-114.0307213,TRUE,
New Urban Registry,Calgary,"1138 10 Ave SW, Calgary, AB T2R 0B6, Canada",AB,T2R 0B6,51.044226599999995,-114.0880438,TRUE,
Northeast Registries - Marlborough,Calgary,"1440 52 St NE #244, Calgary, AB T2A 4T8, Canada",AB,T2A 4T8,51.064573599999996,-113.9558587,TRUE,
Northeast Registries - Sunridge,Calgary,"2766 32 St NE, Calgary, AB T1Y 6J7, Canada",AB,T1Y 6J7,51.0785291,-113.9880841,TRUE,
Northeast Registries-Taradale,Calgary,"5850 88 Ave NE #5120, Calgary, AB T3J 0Z7, Canada",AB,T3J 0Z7,51.1334925,-113.9499596,TRUE,
NW Registry,Calgary,"12024 Symons Valley Rd NW Unit 140, Calgary, AB T3P 0A3, Canada",AB,T3P 0A3,51.162345300000005,-114.1241674,TRUE,
Registries Direct Inc.,Calgary,"2400 Centre a St NE #5, Calgary, AB T2E 2T9, Canada",AB,T2E 2T9,51.073754,-114.0619447,TRUE,
Registry @ South Trail Crossing Ltd,Calgary,"4307 130 Ave SE #66, Calgary, AB T2Z 4Y3, Canada",AB,T2Z 4Y3,50.9292807,-113.9720954,TRUE,
Registry @ West 85th,Calgary,"8560 8A Ave SW #405, Calgary, AB T3H 1T1, Canada",AB,T3H 1T1,51.062188299999995,-114.2097591,TRUE,
Registry At Marda Loop,Calgary,"2106 33 Ave SW, Calgary, AB T2T 1Z6, Canada",AB,T2T 1Z6,51.0242473,-114.1098563,TRUE,
Registry Express,Calgary,"1632 14 Ave NW #1841, Calgary, AB T2N 1M7, Canada",AB,T2N 1M7,51.0655206,-114.1023095,TRUE,
Registry Services,Calgary,"19587 Seton Crescent SE #610, Calgary, AB T3M 2T5, Canada",AB,T3M 2T5,50.8796043,-113.959587,TRUE,
Riverbend Registries,Calgary,"8338 18 St SE Unit 318, Calgary, AB T2C 4K4, Canada",AB,T2C 4K4,50.977365299999995,-114.0134099,TRUE,
Southland Registrations Ltd,Calgary,"9705 Horton Rd SW #106B, Calgary, AB T2V 2X5, Canada",AB,T2V 2X5,50.9677036,-114.0758683,TRUE,
The Registry Depot,Calgary,"3012 17 Ave SE #4, Calgary, AB T2A 0P7, Canada",AB,T2A 0P7,51.0387286,-113.9907295,TRUE,
Chestermere Lake Registry,Chestermere,"100 Marina Dr #402, Chestermere, AB T1X 0R9, Canada",AB,T1X 0R9,51.047973,-113.8291683,TRUE,
Cochrane Plates Licensing & Registries,Cochrane,"7, 214 Grande Blvd W, Cochrane, AB T4C 1A9, Canada",AB,T4C 1A9,51.186448899999995,-114.4746452,TRUE,
Abbey Road Registries Ltd,Edmonton,"13322 118 Ave NW, Edmonton, AB T5L 2L8, Canada",AB,T5L 2L8,53.5707004,-113.5520276,TRUE,
Alberta One-Stop Registry Ltd,Edmonton,"12804 137 Ave NW, Edmonton, AB T6V 1G6, Canada",AB,T6V 1G6,53.6006666,-113.5420147,TRUE,
All Licenses Ltd.,Edmonton,"969 Tamarack Way NW, Edmonton, AB T6T 0X2, Canada",AB,T6T 0X2,53.4808889,-113.3670755,TRUE,
Armour Registry Office,Edmonton,"5754 75 Street NW, Edmonton, AB T6E 5X6, Canada",AB,T6E 5X6,53.494689699999995,-113.4433996,TRUE,
Callingwood Registry,Edmonton,"6655 178 St NW #230, Edmonton, AB T5T 4J5, Canada",AB,T5T 4J5,53.500702999999994,-113.6286043,TRUE,
Capilano Registry,Edmonton,"5055 101 Ave NW #160, Edmonton, AB T6A 0G7, Canada",AB,T6A 0G7,53.5390738,-113.423066,TRUE,
Edmonton Registry Services (South) Inc.,Edmonton,"9111 34a Ave NW, Edmonton, AB T6E 5T6, Canada",AB,T6E 5T6,53.46682380000001,-113.4683564,TRUE,
Ellerslie Registries,Edmonton,"971 James Mowatt Trail SW, Edmonton, AB T6W 1S4, Canada",AB,T6W 1S4,53.4234417,-113.5141541,TRUE,
In & Out Registry / North Central,Edmonton,"12804 82 St NW, Edmonton, AB T5E 2T2, Canada",AB,T5E 2T2,53.586248999999995,-113.468005,TRUE,
In & Out Registry / North East Edmonton,Edmonton,"13058 50 St NW, Edmonton, AB T5A 4V9, Canada",AB,T5A 4V9,53.591944600000005,-113.4177391,TRUE,
Millwoods Registry Services Ltd.,Edmonton,"6410 28 Ave NW, Edmonton, AB T6L 6N3, Canada",AB,T6L 6N3,53.459134999999996,-113.4296335,TRUE,
Northtown Registry Services Ltd,Edmonton,"15359 97 St NW, Edmonton, AB T5X 5V3, Canada",AB,T5X 5V3,53.615019999999994,-113.490658,TRUE,
Oliver Square Registries Ltd.,Edmonton,"11648 104 Ave NW, Edmonton, AB T5K 2T7, Canada",AB,T5K 2T7,53.547408499999996,-113.5227787,TRUE,
Registrations Are Us,Edmonton,"16658 109 Ave, Edmonton, AB T5P 1C2, Canada",AB,T5P 1C2,53.556162699999994,-113.6077081,TRUE,
Registry West,Edmonton,"2508 Guardian Rd NW, Edmonton, AB T5T 1K8, Canada",AB,T5T 1K8,53.509462299999996,-113.6746201,TRUE,
Riverbend Registry,Edmonton,"532 Riverbend Square NW, Edmonton, AB T6R 2E3, Canada",AB,T6R 2E3,53.468162299999996,-113.5869987,TRUE,
Strathcona Registry,Edmonton,"10375 78 Ave NW, Edmonton, AB T6E 6T3, Canada",AB,T6E 6T3,53.513856999999994,-113.4971907,TRUE,
Summerside Registry,Edmonton,"625 Parsons Rd SW #125, Edmonton, AB T6X 0N9, Canada",AB,T6X 0N9,53.4275473,-113.4791553,TRUE,
West-End Registries,Edmonton,"10011 170 St NW, Edmonton, AB T5P 4R5, Canada",AB,T5P 4R5,53.539935199999995,-113.6142677,TRUE,
Windermere Registry,Edmonton,"3489 Allan Dr SW, Edmonton, AB T6W 3G9, Canada",AB,T6W 3G9,53.4291686,-113.5898656,TRUE,
AMA Member & Registry Services,Fort McMurray,"4 Hospital St, Fort McMurray, AB T9H 5E4, Canada",AB,T9H 5E4,56.7205386,-111.3593775,TRUE,
Fort McMurray Vehicle Licensing & Registry,Fort McMurray,"8720 Franklin Ave #121, Fort McMurray, AB T9H 3K8, Canada",AB,T9H 3K8,56.7216179,-111.3640432,TRUE,
Timberlea Licensing and Registry,Fort McMurray,"118 Millennium Dr #141, Fort McMurray, AB T9K 0J1, Canada",AB,T9K 0J1,56.7560053,-111.4633493,TRUE,
Farnese Registry,Fort Saskatchewan,"101-117 Town Crest Rd, Fort Saskatchewan, AB T8L 0G8, Canada",AB,T8L 0G8,53.6818846,-113.2391866,TRUE,
A-1 Licence & Registry,Grande Prairie,"8716 108 St #106, Grande Prairie, AB T8V 4C7, Canada",AB,T8V 4C7,55.1589405,-118.8214554,TRUE,
AMA Member & Registry Services,Grande Prairie,"11401 99 St, Grande Prairie, AB T8V 2H6, Canada",AB,T8V 2H6,55.1835532,-118.7906104,TRUE,
The Licence Centre,Grande Prairie,"9917 116 Ave, Grande Prairie, AB T8V 3Y3, Canada",AB,T8V 3Y3,55.1849097,-118.7929826,TRUE,
Rangeland Agencies 78 Ltd.,High River,"611 5 St S E #102, High River, AB T1V 0G6, Canada",AB,T1V 0G6,50.5772256,-113.8595467,TRUE,
Leduc Registries,Leduc,"5205 50th Ave #5, Leduc, AB T9E 6T2, Canada",AB,T9E 6T2,53.263822999999995,-113.559762,TRUE,
AMA Insurance,Lethbridge,"120 Scenic Dr S, Lethbridge, AB T1J 4R4, Canada",AB,T1J 4R4,49.6972569,-112.8459475,TRUE,
AMA Member & Registry Services,Lethbridge,"120 Scenic Dr S, Lethbridge, AB T1J 4R4, Canada",AB,T1J 4R4,49.697249299999996,-112.8459253,TRUE,
AMA Travel,Lethbridge,"120 Scenic Dr S, Lethbridge, AB T1J 4R4, Canada",AB,T1J 4R4,49.697243799999995,-112.8459303,TRUE,
Astro Insurance & Registry,Lethbridge,"542 7 St S #100, Lethbridge, AB T1J 2H1, Canada",AB,T1J 2H1,49.691400699999996,-112.8371348,TRUE,
Chaparral Registry & Insurance,Lethbridge,"550 University Dr W #8, Lethbridge, AB T1J 4T3, Canada",AB,T1J 4T3,49.6925263,-112.8933555,TRUE,
Lethbridge Vehicle Licensing & Registry,Lethbridge,"2045 Mayor Magrath Dr S, Lethbridge, AB T1K 2S2, Canada",AB,T1K 2S2,49.671931799999996,-112.7971884,TRUE,
McKillop Insurance & Registry Services Inc,Lethbridge,"425 21a St N, Lethbridge, AB T1H 6L6, Canada",AB,T1H 6L6,49.7048748,-112.8103238,TRUE,
Schwartz Reliance Insurance & Registry Services,Lethbridge,"300 10 St S, Lethbridge, AB T1J 0J4, Canada",AB,T1J 0J4,49.6958829,-112.8326695,TRUE,
AMA Member & Registry Services,Medicine Hat,"2710 13 Ave SE, Medicine Hat, AB T1A 3P8, Canada",AB,T1A 3P8,50.0138481,-110.664874,TRUE,
Licence Bureau On Kingsway,Medicine Hat,"672 Kingsway Ave SE, Medicine Hat, AB T1A 2X1, Canada",AB,T1A 2X1,50.032392699999996,-110.6695623,TRUE,
Medicine Hat Licence Centre,Medicine Hat,"2805 13 Ave SE, Medicine Hat, AB T1A 3R1, Canada",AB,T1A 3R1,50.0122315,-110.6638006,TRUE,
Medicine Hat Registries,Medicine Hat,"2805 13 Ave SE, Medicine Hat, AB T1A 3R1, Canada",AB,T1A 3R1,50.01236720000001,-110.6637396,TRUE,
The Licence Place Ltd.,Medicine Hat,"177 12 St NE, Medicine Hat, AB T1A 5T6, Canada",AB,T1A 5T6,50.053185899999995,-110.6825405,TRUE,
Ardiel Agencies,Okotoks,"11 McRae St, Okotoks, AB T1S 1A4, Canada",AB,T1S 1A4,50.725356000000005,-113.9740745,TRUE,
AMA Insurance,Red Deer,"2004 50 Ave #141, Red Deer, AB T4R 3A2, Canada",AB,T4R 3A2,52.23383,-113.81621,TRUE,
AMA Member & Registry Services,Red Deer,"2004 50 Ave #141, Red Deer, AB T4R 3A2, Canada",AB,T4R 3A2,52.2346765,-113.8197414,TRUE,
Mac Insurance & Registry (Red Deer) / Vital Registry,Red Deer,"5406 43 St, Red Deer, AB T4N 1C9, Canada",AB,T4N 1C9,52.2626765,-113.8238769,TRUE,
One Stop Licence Shop North,Red Deer,"5105 76A Street Close Unit 7, Red Deer, AB T4P 3M2, Canada",AB,T4P 3M2,52.3052425,-113.8158579,TRUE,
One Stop Licence Shop South,Red Deer,"3440 50 Ave Suite D, Red Deer, AB T4N 3Y4, Canada",AB,T4N 3Y4,52.255328399999996,-113.8148072,TRUE,
Red Deer Registries,Red Deer,"20 Sharpe Ave #7101, Red Deer, AB T4R 0V2, Canada",AB,T4R 0V2,52.2320022,-113.8003005,TRUE,
Vital Registry Services,Red Deer,"5315 54 St, Red Deer, AB T4N 2G9, Canada",AB,T4N 2G9,52.2725691,-113.8174226,TRUE,
AMA Member & Registry Services,Sherwood Park,"101 Bremner Dr #19, Sherwood Park, AB T8H 0M5, Canada",AB,T8H 0M5,53.542189,-113.307322,TRUE,
Registry on Wye,Sherwood Park,"450 Ordze Rd #440, Sherwood Park, AB T8B 0C5, Canada",AB,T8B 0C5,53.510126299999996,-113.3300072,TRUE,
Sherwood Park Registries,Sherwood Park,"52 Sioux Rd, Sherwood Park, AB T8A 4X1, Canada",AB,T8A 4X1,53.5345307,-113.3237468,TRUE,
Drayden Insurance and Registries,Spruce Grove,"228 McLeod Ave, Spruce Grove, AB T7X 3X2, Canada",AB,T7X 3X2,53.5423207,-113.903163,TRUE,
AMA Member & Registry Services,St. Albert,"665 St Albert Trl #200, St. Albert, AB T8N 3L3, Canada",AB,T8N 3L3,53.656845000000004,-113.62905,TRUE,
Drayden Insurance & Registries Ltd.,St. Albert,"60 Green Grove Dr #100, St. Albert, AB T8N 5H6, Canada",AB,T8N 5H6,53.628025,-113.6203725,TRUE,
Gold Key Registry Ltd.,Strathmore,"233 3 Ave, Strathmore, AB T1P 1N7, Canada",AB,T1P 1N7,51.0414755,-113.3968308,TRUE,